{
  "project": "Kepler-ECG",
  "phase": "QTc Formula Discovery",
  "dataset": "ptb-xl",
  "timestamp": "2026-01-04T20:22:47.342145",
  "status": "COMPLETED",
  "executive_summary": {
    "objective": "Discover interpretable QTc correction formula superior to Bazett/Fridericia",
    "outcome": "SUCCESS - Kepler formula achieves 42.1x better HR-independence than Bazett",
    "key_finding": "QTc = QT - 495.11 * cbrt(RR) + 466.81"
  },
  "wave_delineation": {
    "total_ecgs": 21798,
    "success_rate": 99.95,
    "method": "NeuroKit2 DWT delineation"
  },
  "discovered_formulas": {
    "kepler_cubic": {
      "formula": "QTc = QT - 495.11 * cbrt(RR) + 466.81",
      "complexity": 9,
      "hr_correlation": 0.0017
    },
    "kepler_linear": {
      "formula": "QTc = QT - 184.54 * RR + 156.72",
      "complexity": 7,
      "hr_correlation": 0.0183
    },
    "kepler_factor": {
      "formula": "QTc = QT * (0.364/RR + 0.562)",
      "complexity": 5,
      "hr_correlation": 0.0071
    }
  },
  "comparison_with_literature": {
    "bazett_1920": {
      "formula": "QTc = QT / sqrt(RR)",
      "hr_correlation": 0.0715
    },
    "fridericia_1920": {
      "formula": "QTc = QT / cbrt(RR)",
      "hr_correlation": 0.1475
    }
  },
  "validation_results": {
    "timestamp": "2026-01-04T19:55:09.509502",
    "input_file": "results\\ptb-xl\\qtc\\qtc_sr_dataset_all.csv",
    "n_samples": 21036,
    "hr_independence": {
      "QTc_Bazett": {
        "pearson_r": 0.0715,
        "pearson_p": 3.014811365106713e-25,
        "spearman_rho": 0.1308,
        "abs_r": 0.0715
      },
      "QTc_Fridericia": {
        "pearson_r": -0.1475,
        "pearson_p": 1.09909779451841e-102,
        "spearman_rho": -0.1482,
        "abs_r": 0.1475
      },
      "QTc_Framingham": {
        "pearson_r": -0.1099,
        "pearson_p": 1.4716118305890922e-57,
        "spearman_rho": -0.1115,
        "abs_r": 0.1099
      },
      "QTc_Hodges": {
        "pearson_r": -0.0616,
        "pearson_p": 3.9779569513398344e-19,
        "spearman_rho": -0.1053,
        "abs_r": 0.0616
      },
      "QTc_Kepler_Linear": {
        "pearson_r": -0.0183,
        "pearson_p": 0.007852804670818784,
        "spearman_rho": 0.0061,
        "abs_r": 0.0183
      },
      "QTc_Kepler_Cubic": {
        "pearson_r": -0.0017,
        "pearson_p": 0.8100734883948721,
        "spearman_rho": 0.011,
        "abs_r": 0.0017
      },
      "QTc_Kepler_Factor": {
        "pearson_r": 0.0071,
        "pearson_p": 0.3020253929838791,
        "spearman_rho": 0.0341,
        "abs_r": 0.0071
      }
    },
    "hr_bin_analysis": {
      "QTc_Bazett": {
        "40-60": {
          "n": 3717,
          "mean": 387.54,
          "std": 50.1,
          "median": 389.8
        },
        "60-80": {
          "n": 11295,
          "mean": 382.94,
          "std": 60.56,
          "median": 395.17
        },
        "80-100": {
          "n": 4716,
          "mean": 394.75,
          "std": 57.22,
          "median": 407.59
        },
        "100-120": {
          "n": 1023,
          "mean": 395.9,
          "std": 53.35,
          "median": 406.96
        },
        "120-150": {
          "n": 272,
          "mean": 374.93,
          "std": 43.7,
          "median": 368.07
        },
        "cross_bin_variation": {
          "mean_of_means": 387.21,
          "std_of_means": 7.77,
          "range_of_means": 20.97
        }
      },
      "QTc_Fridericia": {
        "40-60": {
          "n": 3717,
          "mean": 393.62,
          "std": 50.44,
          "median": 395.44
        },
        "60-80": {
          "n": 11295,
          "mean": 373.81,
          "std": 58.87,
          "median": 385.75
        },
        "80-100": {
          "n": 4716,
          "mean": 370.64,
          "std": 53.74,
          "median": 382.97
        },
        "100-120": {
          "n": 1023,
          "mean": 359.51,
          "std": 48.72,
          "median": 369.48
        },
        "120-150": {
          "n": 272,
          "mean": 329.32,
          "std": 39.23,
          "median": 323.95
        },
        "cross_bin_variation": {
          "mean_of_means": 365.38,
          "std_of_means": 21.12,
          "range_of_means": 64.3
        }
      },
      "QTc_Framingham": {
        "40-60": {
          "n": 3717,
          "mean": 390.5,
          "std": 52.6,
          "median": 392.92
        },
        "60-80": {
          "n": 11295,
          "mean": 376.62,
          "std": 56.3,
          "median": 388.04
        },
        "80-100": {
          "n": 4716,
          "mean": 375.14,
          "std": 47.46,
          "median": 385.98
        },
        "100-120": {
          "n": 1023,
          "mean": 364.1,
          "std": 40.31,
          "median": 372.15
        },
        "120-150": {
          "n": 272,
          "mean": 337.41,
          "std": 30.64,
          "median": 333.43
        },
        "cross_bin_variation": {
          "mean_of_means": 368.75,
          "std_of_means": 17.77,
          "range_of_means": 53.09
        }
      },
      "QTc_Hodges": {
        "40-60": {
          "n": 3717,
          "mean": 397.06,
          "std": 52.21,
          "median": 399.14
        },
        "60-80": {
          "n": 11295,
          "mean": 373.02,
          "std": 56.27,
          "median": 384.45
        },
        "80-100": {
          "n": 4716,
          "mean": 375.39,
          "std": 47.45,
          "median": 386.15
        },
        "100-120": {
          "n": 1023,
          "mean": 379.12,
          "std": 39.98,
          "median": 388.51
        },
        "120-150": {
          "n": 272,
          "mean": 378.68,
          "std": 29.47,
          "median": 376.85
        },
        "cross_bin_variation": {
          "mean_of_means": 380.65,
          "std_of_means": 8.5,
          "range_of_means": 24.04
        }
      },
      "QTc_Kepler_Linear": {
        "40-60": {
          "n": 3717,
          "mean": 359.55,
          "std": 52.99,
          "median": 362.27
        },
        "60-80": {
          "n": 11295,
          "mean": 352.81,
          "std": 56.42,
          "median": 364.28
        },
        "80-100": {
          "n": 4716,
          "mean": 356.89,
          "std": 47.43,
          "median": 367.75
        },
        "100-120": {
          "n": 1023,
          "mean": 349.69,
          "std": 40.21,
          "median": 357.93
        },
        "120-150": {
          "n": 272,
          "mean": 326.1,
          "std": 30.4,
          "median": 321.81
        },
        "cross_bin_variation": {
          "mean_of_means": 349.01,
          "std_of_means": 11.94,
          "range_of_means": 33.45
        }
      },
      "QTc_Kepler_Cubic": {
        "40-60": {
          "n": 3717,
          "mean": 361.95,
          "std": 52.56,
          "median": 364.38
        },
        "60-80": {
          "n": 11295,
          "mean": 351.12,
          "std": 56.41,
          "median": 362.57
        },
        "80-100": {
          "n": 4716,
          "mean": 357.09,
          "std": 47.43,
          "median": 368.0
        },
        "100-120": {
          "n": 1023,
          "mean": 355.07,
          "std": 40.07,
          "median": 363.64
        },
        "120-150": {
          "n": 272,
          "mean": 339.11,
          "std": 29.81,
          "median": 334.47
        },
        "cross_bin_variation": {
          "mean_of_means": 352.87,
          "std_of_means": 7.71,
          "range_of_means": 22.84
        }
      },
      "QTc_Kepler_Factor": {
        "40-60": {
          "n": 3717,
          "mean": 363.01,
          "std": 46.56,
          "median": 364.91
        },
        "60-80": {
          "n": 11295,
          "mean": 350.22,
          "std": 55.24,
          "median": 361.35
        },
        "80-100": {
          "n": 4716,
          "mean": 357.29,
          "std": 51.78,
          "median": 369.0
        },
        "100-120": {
          "n": 1023,
          "mean": 359.05,
          "std": 48.35,
          "median": 369.77
        },
        "120-150": {
          "n": 272,
          "mean": 344.24,
          "std": 39.8,
          "median": 337.34
        },
        "cross_bin_variation": {
          "mean_of_means": 354.76,
          "std_of_means": 6.7,
          "range_of_means": 18.77
        }
      }
    },
    "cv_stability": {
      "QTc_Bazett": {
        "mean_r": 0.072,
        "std_r": 0.0219,
        "min_r": 0.0499,
        "max_r": 0.1082
      },
      "QTc_Fridericia": {
        "mean_r": -0.1471,
        "std_r": 0.0199,
        "min_r": -0.1668,
        "max_r": -0.1158
      },
      "QTc_Framingham": {
        "mean_r": -0.1094,
        "std_r": 0.0199,
        "min_r": -0.1288,
        "max_r": -0.0765
      },
      "QTc_Hodges": {
        "mean_r": -0.0611,
        "std_r": 0.0183,
        "min_r": -0.0814,
        "max_r": -0.0299
      },
      "QTc_Kepler_Linear": {
        "mean_r": -0.0178,
        "std_r": 0.0208,
        "min_r": -0.0383,
        "max_r": 0.0173
      },
      "QTc_Kepler_Cubic": {
        "mean_r": -0.0012,
        "std_r": 0.0206,
        "min_r": -0.0225,
        "max_r": 0.0338
      },
      "QTc_Kepler_Factor": {
        "mean_r": 0.0076,
        "std_r": 0.021,
        "min_r": -0.0142,
        "max_r": 0.0424
      }
    },
    "clinical_thresholds": {
      "QTc_Bazett": {
        "n_total": 21036,
        "mean_qtc": 386.88,
        "std_qtc": 57.85,
        "prolonged_450ms": {
          "n": 1822,
          "pct": 8.66
        },
        "prolonged_460ms": {
          "n": 1214,
          "pct": 5.77
        },
        "high_risk_500ms": {
          "n": 311,
          "pct": 1.48
        },
        "short_340ms": {
          "n": 3665,
          "pct": 17.42
        }
      },
      "QTc_Fridericia": {
        "n_total": 21036,
        "mean_qtc": 375.29,
        "std_qtc": 56.6,
        "prolonged_450ms": {
          "n": 1020,
          "pct": 4.85
        },
        "prolonged_460ms": {
          "n": 703,
          "pct": 3.34
        },
        "high_risk_500ms": {
          "n": 209,
          "pct": 0.99
        },
        "short_340ms": {
          "n": 4182,
          "pct": 19.88
        }
      },
      "QTc_Framingham": {
        "n_total": 21036,
        "mean_qtc": 377.56,
        "std_qtc": 53.47,
        "prolonged_450ms": {
          "n": 950,
          "pct": 4.52
        },
        "prolonged_460ms": {
          "n": 649,
          "pct": 3.09
        },
        "high_risk_500ms": {
          "n": 188,
          "pct": 0.89
        },
        "short_340ms": {
          "n": 3989,
          "pct": 18.96
        }
      },
      "QTc_Hodges": {
        "n_total": 21036,
        "mean_qtc": 378.15,
        "std_qtc": 53.49,
        "prolonged_450ms": {
          "n": 968,
          "pct": 4.6
        },
        "prolonged_460ms": {
          "n": 662,
          "pct": 3.15
        },
        "high_risk_500ms": {
          "n": 200,
          "pct": 0.95
        },
        "short_340ms": {
          "n": 3797,
          "pct": 18.05
        }
      },
      "QTc_Kepler_Linear": {
        "n_total": 21036,
        "mean_qtc": 354.35,
        "std_qtc": 53.24,
        "prolonged_450ms": {
          "n": 408,
          "pct": 1.94
        },
        "prolonged_460ms": {
          "n": 312,
          "pct": 1.48
        },
        "high_risk_500ms": {
          "n": 75,
          "pct": 0.36
        },
        "short_340ms": {
          "n": 5723,
          "pct": 27.21
        }
      },
      "QTc_Kepler_Cubic": {
        "n_total": 21036,
        "mean_qtc": 354.36,
        "std_qtc": 53.12,
        "prolonged_450ms": {
          "n": 396,
          "pct": 1.88
        },
        "prolonged_460ms": {
          "n": 307,
          "pct": 1.46
        },
        "high_risk_500ms": {
          "n": 82,
          "pct": 0.39
        },
        "short_340ms": {
          "n": 5655,
          "pct": 26.88
        }
      },
      "QTc_Kepler_Factor": {
        "n_total": 21036,
        "mean_qtc": 354.39,
        "std_qtc": 52.81,
        "prolonged_450ms": {
          "n": 403,
          "pct": 1.92
        },
        "prolonged_460ms": {
          "n": 286,
          "pct": 1.36
        },
        "high_risk_500ms": {
          "n": 64,
          "pct": 0.3
        },
        "short_340ms": {
          "n": 5608,
          "pct": 26.66
        }
      }
    },
    "ranking": [
      {
        "rank": 1,
        "formula": "QTc_Kepler_Cubic",
        "abs_r": 0.0017
      },
      {
        "rank": 2,
        "formula": "QTc_Kepler_Factor",
        "abs_r": 0.0071
      },
      {
        "rank": 3,
        "formula": "QTc_Kepler_Linear",
        "abs_r": 0.0183
      },
      {
        "rank": 4,
        "formula": "QTc_Hodges",
        "abs_r": 0.0616
      },
      {
        "rank": 5,
        "formula": "QTc_Bazett",
        "abs_r": 0.0715
      },
      {
        "rank": 6,
        "formula": "QTc_Framingham",
        "abs_r": 0.1099
      },
      {
        "rank": 7,
        "formula": "QTc_Fridericia",
        "abs_r": 0.1475
      }
    ]
  },
  "sr_results": {
    "timestamp": "2026-01-04T19:50:05.857877",
    "input_file": "results\\ptb-xl\\qtc\\qtc_sr_dataset_all.csv",
    "config": {
      "niterations": 150,
      "populations": 30,
      "population_size": 40,
      "maxsize": 15,
      "parsimony": 0.004,
      "binary_operators": [
        "+",
        "-",
        "*",
        "/"
      ],
      "unary_operators": [
        "sqrt",
        "cbrt",
        "inv",
        "square"
      ],
      "test_size": 0.2,
      "random_state": 42
    },
    "feature_set": "minimal",
    "features": [
      "QT_interval_ms",
      "RR_interval_sec"
    ],
    "train_size": 16828,
    "test_size": 4208,
    "best_overall": {
      "abs_r_hr": Infinity,
      "approach": null
    },
    "approaches": {}
  }
}