{
  "task": "SR Classification: NORM vs HYP",
  "timestamp": "2026-01-04T08:52:26.471144",
  "dataset": {
    "n_samples": 14801,
    "n_train": 54,
    "n_test": 14,
    "n_features": 36,
    "features": [
      "age",
      "sex",
      "quality_score",
      "snr_db",
      "heart_rate_bpm",
      "n_beats",
      "wav_wavelet_energy_approx",
      "wav_wavelet_energy_d1",
      "wav_wavelet_energy_d2",
      "wav_wavelet_energy_d3",
      "wav_wavelet_energy_d4",
      "wav_wavelet_energy_d5",
      "wav_wavelet_energy_d6",
      "wav_wavelet_total_energy",
      "wav_wavelet_energy_entropy",
      "wav_wavelet_energy_concentration",
      "wav_wavelet_coef_mean_abs",
      "wav_wavelet_coef_std",
      "wav_wavelet_coef_skewness",
      "wav_wavelet_coef_kurtosis"
    ]
  },
  "baseline": {
    "threshold": 0.5,
    "auc": 0.9183673469387754,
    "accuracy": 0.8571428571428571,
    "sensitivity": 0.8571428571428571,
    "specificity": 0.8571428571428571,
    "precision": 0.8571428571428571,
    "f1": 0.8571428571428571,
    "tp": 6,
    "tn": 6,
    "fp": 1,
    "fn": 1
  },
  "best_equation": {
    "formula": "(sqrt(abs(wav_wavelet_energy_approx)) + (wav_wavelet_coef_kurtosis - (wav_wavelet_coef_min - abs(-1.1697773 - age)))) * 0.22499537",
    "complexity": 14,
    "threshold": 0.4708246061511041,
    "auc": 0.9591836734693878,
    "accuracy": 0.9285714285714286,
    "sensitivity": 1.0,
    "specificity": 0.8571428571428571,
    "f1": 0.9333333333333333
  },
  "config": {
    "niterations": 150,
    "populations": 40,
    "population_size": 50,
    "maxsize": 20,
    "parsimony": 0.005,
    "binary_operators": [
      "+",
      "-",
      "*",
      "/"
    ],
    "unary_operators": [
      "square",
      "sqrt",
      "abs",
      "log"
    ],
    "test_size": 0.2,
    "cv_folds": 5,
    "random_state": 42
  },
  "output_files": [
    "results\\chapman\\sr_classification\\sr_classification_hyp_equations.csv"
  ]
}