{
  "task": "SR Classification: NORM vs STTC",
  "timestamp": "2026-01-04T09:29:06.493022",
  "dataset": {
    "n_samples": 24071,
    "n_train": 14862,
    "n_test": 3716,
    "n_features": 36,
    "features": [
      "age",
      "sex",
      "quality_score",
      "snr_db",
      "heart_rate_bpm",
      "n_beats",
      "wav_wavelet_energy_approx",
      "wav_wavelet_energy_d1",
      "wav_wavelet_energy_d2",
      "wav_wavelet_energy_d3",
      "wav_wavelet_energy_d4",
      "wav_wavelet_energy_d5",
      "wav_wavelet_energy_d6",
      "wav_wavelet_total_energy",
      "wav_wavelet_energy_entropy",
      "wav_wavelet_energy_concentration",
      "wav_wavelet_coef_mean_abs",
      "wav_wavelet_coef_std",
      "wav_wavelet_coef_skewness",
      "wav_wavelet_coef_kurtosis"
    ]
  },
  "baseline": {
    "threshold": 0.5,
    "auc": 0.8462697600693362,
    "accuracy": 0.7715285252960172,
    "sensitivity": 0.7298170075349839,
    "specificity": 0.8132400430570506,
    "precision": 0.7962419260129184,
    "f1": 0.7615838247683235,
    "tp": 1356,
    "tn": 1511,
    "fp": 347,
    "fn": 502
  },
  "best_equation": {
    "formula": "((heart_rate_bpm + 2.913759) + age) * 0.17159936",
    "complexity": 7,
    "threshold": 0.5148200460553372,
    "auc": 0.7870871719883527,
    "accuracy": 0.7319698600645855,
    "sensitivity": 0.6307857911733046,
    "specificity": 0.8331539289558665,
    "f1": 0.7017964071856287
  },
  "config": {
    "niterations": 150,
    "populations": 40,
    "population_size": 50,
    "maxsize": 20,
    "parsimony": 0.005,
    "binary_operators": [
      "+",
      "-",
      "*",
      "/"
    ],
    "unary_operators": [
      "square",
      "sqrt",
      "abs",
      "log"
    ],
    "test_size": 0.2,
    "cv_folds": 5,
    "random_state": 42
  },
  "output_files": [
    "results\\chapman\\sr_classification\\sr_classification_sttc_equations.csv"
  ]
}