{
  "task": "SR Classification: NORM vs OTHER",
  "timestamp": "2026-01-04T09:38:37.844920",
  "dataset": {
    "n_samples": 20938,
    "n_train": 9872,
    "n_test": 2468,
    "n_features": 36,
    "features": [
      "age",
      "sex",
      "quality_score",
      "snr_db",
      "heart_rate_bpm",
      "n_beats",
      "wav_wavelet_energy_approx",
      "wav_wavelet_energy_d1",
      "wav_wavelet_energy_d2",
      "wav_wavelet_energy_d3",
      "wav_wavelet_energy_d4",
      "wav_wavelet_energy_d5",
      "wav_wavelet_energy_d6",
      "wav_wavelet_total_energy",
      "wav_wavelet_energy_entropy",
      "wav_wavelet_energy_concentration",
      "wav_wavelet_coef_mean_abs",
      "wav_wavelet_coef_std",
      "wav_wavelet_coef_skewness",
      "wav_wavelet_coef_kurtosis"
    ]
  },
  "baseline": {
    "threshold": 0.5,
    "auc": 0.6651669735663495,
    "accuracy": 0.6312803889789304,
    "sensitivity": 0.534035656401945,
    "specificity": 0.7285251215559158,
    "precision": 0.6629778672032193,
    "f1": 0.5915619389587073,
    "tp": 659,
    "tn": 899,
    "fp": 335,
    "fn": 575
  },
  "best_equation": {
    "formula": "((square(age) + 5.0523243) - wav_wavelet_coef_min) * 0.08261366",
    "complexity": 8,
    "threshold": 0.4874350719396271,
    "auc": 0.6649423807885175,
    "accuracy": 0.6276337115072933,
    "sensitivity": 0.49513776337115073,
    "specificity": 0.7601296596434359,
    "f1": 0.5707613264829519
  },
  "config": {
    "niterations": 150,
    "populations": 40,
    "population_size": 50,
    "maxsize": 20,
    "parsimony": 0.005,
    "binary_operators": [
      "+",
      "-",
      "*",
      "/"
    ],
    "unary_operators": [
      "square",
      "sqrt",
      "abs",
      "log"
    ],
    "test_size": 0.2,
    "cv_folds": 5,
    "random_state": 42
  },
  "output_files": [
    "results\\chapman\\sr_classification\\sr_classification_other_equations.csv"
  ]
}