{
  "task": "SR Classification: NORM vs CD",
  "timestamp": "2026-01-04T09:13:02.635515",
  "dataset": {
    "n_samples": 28331,
    "n_train": 13073,
    "n_test": 3269,
    "n_features": 47,
    "features": [
      "age",
      "sex",
      "quality_score",
      "snr_db",
      "heart_rate_bpm",
      "heart_rate_std",
      "n_beats",
      "rr_mean_ms",
      "rr_std_ms",
      "rmssd",
      "wav_wavelet_energy_approx",
      "wav_wavelet_energy_d1",
      "wav_wavelet_energy_d2",
      "wav_wavelet_energy_d3",
      "wav_wavelet_energy_d4",
      "wav_wavelet_energy_d5",
      "wav_wavelet_energy_d6",
      "wav_wavelet_total_energy",
      "wav_wavelet_energy_entropy",
      "wav_wavelet_energy_concentration"
    ]
  },
  "baseline": {
    "threshold": 0.5,
    "auc": 0.9698161422648066,
    "accuracy": 0.9348424594677271,
    "sensitivity": 0.9627611262488647,
    "specificity": 0.8772258669165885,
    "precision": 0.941803642825411,
    "f1": 0.9521670783741298,
    "tp": 2120,
    "tn": 936,
    "fp": 131,
    "fn": 82
  },
  "best_equation": {
    "formula": "0.7533011 * log(rr_std_ms + (heart_rate_bpm + 2.6958869))",
    "complexity": 8,
    "threshold": 0.5517243421701962,
    "auc": 0.9462012467153063,
    "accuracy": 0.9314775160599572,
    "sensitivity": 0.9405086285195277,
    "specificity": 0.9128397375820057,
    "f1": 0.9486944571690334
  },
  "config": {
    "niterations": 150,
    "populations": 40,
    "population_size": 50,
    "maxsize": 20,
    "parsimony": 0.005,
    "binary_operators": [
      "+",
      "-",
      "*",
      "/"
    ],
    "unary_operators": [
      "square",
      "sqrt",
      "abs",
      "log"
    ],
    "test_size": 0.2,
    "cv_folds": 5,
    "random_state": 42
  },
  "output_files": [
    "results\\chapman\\sr_classification\\sr_classification_cd_equations.csv"
  ]
}