{
  "task": "SR Classification: NORM vs STTC",
  "timestamp": "2026-01-04T18:41:21.292487",
  "dataset": {
    "n_samples": 11463,
    "n_train": 5126,
    "n_test": 1282,
    "n_features": 47,
    "features": [
      "age",
      "sex",
      "quality_score",
      "snr_db",
      "heart_rate_bpm",
      "heart_rate_std",
      "n_beats",
      "rr_mean_ms",
      "rr_std_ms",
      "rmssd",
      "wav_wavelet_energy_approx",
      "wav_wavelet_energy_d1",
      "wav_wavelet_energy_d2",
      "wav_wavelet_energy_d3",
      "wav_wavelet_energy_d4",
      "wav_wavelet_energy_d5",
      "wav_wavelet_energy_d6",
      "wav_wavelet_total_energy",
      "wav_wavelet_energy_entropy",
      "wav_wavelet_energy_concentration"
    ]
  },
  "baseline": {
    "threshold": 0.5,
    "auc": 0.8722476824189972,
    "accuracy": 0.7901716068642746,
    "sensitivity": 0.7644305772230889,
    "specificity": 0.8159126365054602,
    "precision": 0.805921052631579,
    "f1": 0.7846277021617294,
    "tp": 490,
    "tn": 523,
    "fp": 118,
    "fn": 151
  },
  "best_equation": {
    "formula": "log(sqrt(heart_rate_bpm + (wav_wavelet_coef_kurtosis + (age - -2.9948766))))",
    "complexity": 9,
    "threshold": 0.5024478604513922,
    "auc": 0.812485853568308,
    "accuracy": 0.7355694227769111,
    "sensitivity": 0.7441497659906396,
    "specificity": 0.7269890795631825,
    "f1": 0.7378190255220418
  },
  "config": {
    "niterations": 150,
    "populations": 40,
    "population_size": 50,
    "maxsize": 20,
    "parsimony": 0.005,
    "binary_operators": [
      "+",
      "-",
      "*",
      "/"
    ],
    "unary_operators": [
      "square",
      "sqrt",
      "abs",
      "log"
    ],
    "test_size": 0.2,
    "cv_folds": 5,
    "random_state": 42
  },
  "output_files": [
    "results\\ptb-xl\\sr_classification\\sr_classification_sttc_equations.csv"
  ]
}