{
  "task": "SR Classification: NORM vs HYP",
  "timestamp": "2026-01-04T18:29:59.898540",
  "dataset": {
    "n_samples": 7747,
    "n_train": 376,
    "n_test": 94,
    "n_features": 48,
    "features": [
      "age",
      "sex",
      "quality_score",
      "snr_db",
      "heart_rate_bpm",
      "heart_rate_std",
      "n_beats",
      "rr_mean_ms",
      "rr_std_ms",
      "rmssd",
      "hrv_hrv_spectral_n_intervals",
      "wav_wavelet_energy_approx",
      "wav_wavelet_energy_d1",
      "wav_wavelet_energy_d2",
      "wav_wavelet_energy_d3",
      "wav_wavelet_energy_d4",
      "wav_wavelet_energy_d5",
      "wav_wavelet_energy_d6",
      "wav_wavelet_total_energy",
      "wav_wavelet_energy_entropy"
    ]
  },
  "baseline": {
    "threshold": 0.5,
    "auc": 0.69895880488909,
    "accuracy": 0.6382978723404256,
    "sensitivity": 0.574468085106383,
    "specificity": 0.7021276595744681,
    "precision": 0.6585365853658537,
    "f1": 0.6136363636363636,
    "tp": 27,
    "tn": 33,
    "fp": 14,
    "fn": 20
  },
  "best_equation": {
    "formula": "log(sqrt(age + (wav_wavelet_coef_std - -2.9818454)))",
    "complexity": 7,
    "threshold": 0.49358714618732047,
    "auc": 0.6641014033499321,
    "accuracy": 0.6702127659574468,
    "sensitivity": 0.723404255319149,
    "specificity": 0.6170212765957447,
    "f1": 0.6868686868686869
  },
  "config": {
    "niterations": 150,
    "populations": 40,
    "population_size": 50,
    "maxsize": 20,
    "parsimony": 0.005,
    "binary_operators": [
      "+",
      "-",
      "*",
      "/"
    ],
    "unary_operators": [
      "square",
      "sqrt",
      "abs",
      "log"
    ],
    "test_size": 0.2,
    "cv_folds": 5,
    "random_state": 42
  },
  "output_files": [
    "results\\ptb-xl\\sr_classification\\sr_classification_hyp_equations.csv"
  ]
}