{
  "task": "SR Classification: NORM vs OTHER",
  "timestamp": "2026-01-04T18:42:20.231951",
  "dataset": {
    "n_samples": 7723,
    "n_train": 398,
    "n_test": 100,
    "n_features": 48,
    "features": [
      "age",
      "sex",
      "quality_score",
      "snr_db",
      "heart_rate_bpm",
      "heart_rate_std",
      "n_beats",
      "rr_mean_ms",
      "rr_std_ms",
      "rmssd",
      "hrv_hrv_spectral_n_intervals",
      "wav_wavelet_energy_approx",
      "wav_wavelet_energy_d1",
      "wav_wavelet_energy_d2",
      "wav_wavelet_energy_d3",
      "wav_wavelet_energy_d4",
      "wav_wavelet_energy_d5",
      "wav_wavelet_energy_d6",
      "wav_wavelet_total_energy",
      "wav_wavelet_energy_entropy"
    ]
  },
  "baseline": {
    "threshold": 0.5,
    "auc": 0.5412,
    "accuracy": 0.59,
    "sensitivity": 0.58,
    "specificity": 0.6,
    "precision": 0.5918367346938775,
    "f1": 0.5858585858585859,
    "tp": 29,
    "tn": 30,
    "fp": 20,
    "fn": 21
  },
  "best_equation": {
    "formula": "0.4999997 + ((age - wav_wavelet_coef_mean_abs) * 0.097248144)",
    "complexity": 7,
    "threshold": 0.5345562780313318,
    "auc": 0.5932,
    "accuracy": 0.61,
    "sensitivity": 0.54,
    "specificity": 0.68,
    "f1": 0.5806451612903226
  },
  "config": {
    "niterations": 150,
    "populations": 40,
    "population_size": 50,
    "maxsize": 20,
    "parsimony": 0.005,
    "binary_operators": [
      "+",
      "-",
      "*",
      "/"
    ],
    "unary_operators": [
      "square",
      "sqrt",
      "abs",
      "log"
    ],
    "test_size": 0.2,
    "cv_folds": 5,
    "random_state": 42
  },
  "output_files": [
    "results\\ptb-xl\\sr_classification\\sr_classification_other_equations.csv"
  ]
}