{
  "task": "SR Classification: NORM vs MI",
  "timestamp": "2026-01-04T18:28:48.297322",
  "dataset": {
    "n_samples": 12542,
    "n_train": 6089,
    "n_test": 1523,
    "n_features": 47,
    "features": [
      "age",
      "sex",
      "quality_score",
      "snr_db",
      "heart_rate_bpm",
      "heart_rate_std",
      "n_beats",
      "rr_mean_ms",
      "rr_std_ms",
      "rmssd",
      "wav_wavelet_energy_approx",
      "wav_wavelet_energy_d1",
      "wav_wavelet_energy_d2",
      "wav_wavelet_energy_d3",
      "wav_wavelet_energy_d4",
      "wav_wavelet_energy_d5",
      "wav_wavelet_energy_d6",
      "wav_wavelet_total_energy",
      "wav_wavelet_energy_entropy",
      "wav_wavelet_energy_concentration"
    ]
  },
  "baseline": {
    "threshold": 0.5,
    "auc": 0.8876478318002627,
    "accuracy": 0.8108995403808273,
    "sensitivity": 0.8015768725361366,
    "specificity": 0.8202099737532809,
    "precision": 0.8165997322623829,
    "f1": 0.8090185676392573,
    "tp": 610,
    "tn": 625,
    "fp": 137,
    "fn": 151
  },
  "best_equation": {
    "formula": "log(age + 1.9493464)",
    "complexity": 4,
    "threshold": 0.5765486329743605,
    "auc": 0.7625077170872695,
    "accuracy": 0.7058437294812869,
    "sensitivity": 0.8173455978975033,
    "specificity": 0.594488188976378,
    "f1": 0.735224586288416
  },
  "config": {
    "niterations": 150,
    "populations": 40,
    "population_size": 50,
    "maxsize": 20,
    "parsimony": 0.005,
    "binary_operators": [
      "+",
      "-",
      "*",
      "/"
    ],
    "unary_operators": [
      "square",
      "sqrt",
      "abs",
      "log"
    ],
    "test_size": 0.2,
    "cv_folds": 5,
    "random_state": 42
  },
  "output_files": [
    "results\\ptb-xl\\sr_classification\\sr_classification_mi_equations.csv"
  ]
}