{
  "processing_stats": {
    "total_records": 10344,
    "successful": 10331,
    "failed": 13,
    "success_rate_pct": 99.87
  },
  "interval_statistics": {
    "QT_interval_ms": {
      "mean": 352.27,
      "std": 75.01,
      "median": 359.0
    },
    "RR_interval_ms": {
      "mean": 803.0,
      "std": 200.1,
      "median": 792.0
    },
    "heart_rate_bpm": {
      "mean": 79.85,
      "std": 21.86,
      "median": 75.76
    },
    "QTc_Bazett_ms": {
      "mean": 394.57,
      "std": 67.23,
      "median": 403.69
    },
    "QTc_Fridericia_ms": {
      "mean": 379.29,
      "std": 66.95,
      "median": 389.32
    }
  },
  "timestamp": "2026-01-04T13:45:51.203497",
  "parameters": {
    "dataset": "georgia",
    "sampling_rate": 500,
    "lead_index": 0
  }
}