{
  "timestamp": "2026-01-04T13:48:35.630004",
  "input_file": "results\\cpsc-2018\\waves\\wave_features.csv",
  "output_dir": "results\\cpsc-2018\\qtc",
  "filter_statistics": {
    "initial": 6871,
    "after_qt_valid": 6744,
    "after_qt_range": 6741,
    "after_rr_range": 6662,
    "after_hr_range": 6662,
    "after_quality": 6656,
    "after_t_detection": 6450,
    "final": 6450,
    "retention_rate": 93.87
  },
  "dataset_sizes": {
    "filtered": 6450,
    "norm": 6450,
    "sr_all": 6450,
    "sr_norm": 6450
  },
  "qtc_hr_correlations": {
    "QTc_Bazett_ms": 0.0263,
    "QTc_Fridericia_ms": -0.2299,
    "QTc_reference_ms": -0.0071
  }
}