comp_sig_gzip_ratio,comp_sig_lzma_ratio,comp_sig_lempel_ziv_complexity,comp_rr_approx_entropy,comp_rr_permutation_entropy,STTC_vs_NORM
-0.7782479090454897,-0.7977116981999933,-0.7077176029786322,-0.18295321821559601,-1.488867051716142,1
-0.7608462707297725,-0.916136676189126,-0.825755042420834,-0.21693632059699977,-0.3714292586603868,0
-0.30840367452112627,-0.44243676423259426,-0.7077176029786322,-0.2308079595666288,-1.2187179663382763,0
-1.317698696832721,-1.5420972741316845,-0.8651008555682348,-0.33474461012467943,0.781858781030415,0
-0.24575777658454465,-0.03640826826985344,2.439947448813427,-1.0473158965195832,0.4048960093460755,1
-0.43369547039428946,-0.527026034224832,-1.1798673607474404,-0.8820637995273121,0.3661473797982738,0
-0.44413645338372054,-0.1717511002574341,0.11854447311678347,-1.153714839347389,0.23462245527784442,0
2.030376515111258,1.570787861582663,-0.11753040576762112,-0.24306370622869405,0.07336688278635421,0
-0.47893973001515483,-0.6454510122139646,-0.904446668715636,-0.18295321821559601,-1.488867051716142,0
1.1115700120413932,1.0124986796338935,2.439947448813427,1.3847653409558576,0.264622643110996,0
-0.5207036619728753,-0.4593546182310423,-0.5503343503890286,0.48864534353623434,0.772517852374067,1
0.9793175608419429,0.9786629716369986,0.07919865996938262,-1.222145137973906,-0.9035830913009911,1
0.1301176110349459,0.18352383370996497,0.11854447311678347,2.483087008532077,-0.387975859482888,0
0.19624383663467054,0.5218809136789149,0.6693858571803939,1.2354472599548585,0.3661473797982765,0
-1.2237298499278488,-1.4913437121363418,-0.8651008555682348,-1.222145137973906,-0.9035830913009911,1
-0.9592249475289474,-0.8146295521984401,-0.3929510977994256,1.3435927552940468,0.06706922099458598,0
-0.7225626664351942,-0.527026034224832,0.7480774834751955,0.9812039893251293,-0.7803831167690268,0
-0.4197741597417163,-0.23942251625122385,-0.3929510977994256,1.2302510728391356,0.5343343779792918,1
1.0906880460625321,0.8433201396494179,0.8661149229173977,1.3605781464354476,0.9582550848558279,0
-1.1576036243281234,-1.1191509241704958,-0.156876218915022,-0.25396363746856937,0.6694271727897825,0
-0.6320741471934653,-0.4762724722294891,-0.23556784520982293,-1.3050182341431515,0.658479699568256,1
0.17884219831895337,0.6064701836711527,1.298918867538806,-0.2876349872169254,-0.3238824565248063,0
-1.5160773736318967,-1.6097686901254744,-1.1798673607474404,0.9612447230233246,0.33242041261236005,0
-1.2098085392752749,-1.3560008801487615,-1.1405215476000394,-0.2308079595666288,-0.49554085283108196,0
-1.0462331391075332,-0.9668902381844683,-0.23556784520982293,0.9812039893251293,-0.7803831167690268,1
-0.47893973001515483,-0.3747653482388045,-0.6683717898312314,1.6959341410148954,0.9541022173051295,0
-0.701680700456334,-0.6792867202108596,-0.5503343503890286,-0.9361348369536662,0.31428954443073137,1
0.3284962878341208,0.5049630596804681,0.03985284682198178,-1.3050182341431515,-0.3861094643865788,1
0.12663728337180188,0.11585241771617406,-0.6290259766838302,-1.0962525603924902,-0.3714292586603868,0
0.4120241517495636,0.42037378968823025,-0.156876218915022,1.2900327631382242,1.0005941579856876,1
0.018747125814355857,0.21735954170685987,0.07919865996938262,0.7696302966121455,0.9984698930243817,1
-1.4743134416741752,-1.559015128130132,-0.3929510977994256,-1.3050182341431515,0.2642060471858107,0
-1.7040150674416419,-1.5420972741316845,0.8661149229173977,-0.24306370622869405,-1.392070534042555,1
0.7983405223584842,0.8602379936478659,0.19723609941158565,1.0139511619011468,0.5105796040094088,1
-1.6344085141787732,-1.6605222521208172,-0.825755042420834,0.21936089608518666,-0.035573489306431734,0
1.0663257524205287,1.0463343876307882,0.5120026045907909,-0.21693632059699977,-0.3323098631866243,0
-0.32928564049998743,-0.2732582242481187,-0.156876218915022,-0.21693632059699977,-2.529723483166311,0
0.7878995393690541,0.8602379936478659,1.3382646806862069,2.932224744371467,0.864008754013951,1
-0.1900725339742501,-0.3578474942403565,-0.9437924818630358,0.7672487199052208,-0.7496315850131473,0
-0.5659479215937406,-0.7300402822062024,-0.825755042420834,0.7252781611092363,-1.0128239906081282,0
0.9793175608419429,0.809484431652523,-0.9437924818630358,1.2770773795603902,0.4506373055424762,0
-1.3768642671061593,-1.5759329821285795,-0.9437924818630358,0.3045478782193892,1.0185733992594246,0
-0.15874958500595884,-0.40860105623569937,-1.1798673607474404,0.5228916745437843,0.22763626067611234,0
0.032668436466929976,0.2342773957053067,0.03985284682198178,-0.16190712240901317,0.658479699568256,0
1.2786257398722778,1.181677219618369,2.2038725699290227,-1.222145137973906,-1.1340207645719402,0
0.6208438115381696,0.6233880376696006,0.4726567914433901,-0.2724914377921949,0.28984193873162867,1
-1.2028478839489878,-1.4575080041394468,-0.9437924818630358,-1.3050182341431515,-0.7803831167690268,1
-0.47893973001515483,-0.54394388822328,-1.1405215476000394,1.041124326113866,0.7870113163118534,1
0.9097110075790743,1.0632522416292363,0.23658191255898553,-0.23080795956663208,-1.2187179663382763,1
-0.9661856028552345,-0.9499723841860208,-1.1011757344526396,-1.0962525603924902,0.7468372490663352,0
1.7832732510280747,1.198595073616817,1.5349937464232106,-0.9361348369536662,0.4213844747068367,1
-0.46153809169943766,-0.13791539226053923,2.243218383076423,-1.3050182341431515,-2.4752877922962555,0
-1.1784855903069835,-1.220658048161181,-0.9437924818630358,0.4886453435362385,0.9371304955998492,0
-1.6030855652104825,-1.745111522113055,-0.825755042420834,0.9906321932975763,-0.4902959399010022,0
-0.23531679359511454,-0.2563403702496719,-0.47164272409422753,-1.3050182341431515,0.658479699568256,0
-0.15874958500595884,-0.18866895425588096,0.6693858571803939,0.9521865502481721,0.761929145277864,1
-0.38149055544713895,-0.4931903262279371,-0.47164272409422753,-0.968408082302403,0.752366248705283,0
-0.9905478964972387,-1.0683973621751535,-0.9831382950104369,2.887239195319951,0.6887750521992926,0
-0.4197741597417163,-0.44243676423259426,-1.0224841081578377,-0.968408082302403,0.5158020572758174,0
0.025707781140642916,0.031263147723936305,-0.825755042420834,-0.24306370622869405,0.49142685451145807,1
0.3284962878341208,0.2850309577006496,-0.8651008555682348,-0.8027766149868499,0.7240230787747911,0
-3.1274690816673045,-3.3015540899702285,-0.6290259766838302,-0.25396363746856937,0.9059913642192494,1
-0.5729085769200267,-0.4931903262279371,0.15789028626418433,1.9916047385767153,0.8446222950004709,1
1.1672552546516877,0.9448272636401037,-0.3536052846520248,-1.222145137973906,-2.428997299275496,1
-0.701680700456334,-0.6792867202108596,-0.5503343503890286,0.26916236002414573,0.5360684738958573,1
-0.176151223321676,0.16660597971151697,0.19723609941158565,-0.8820637995273121,0.9145215587582043,0
-0.6077118535514611,-0.6285331582155178,-0.7864092292734332,-1.222145137973906,-0.9035830913009911,0
0.00830614282492575,0.13277027171462208,-0.6290259766838302,-0.21693632059699977,0.7468372490663406,1
-0.4719790746888678,-0.5608617422217269,-0.5503343503890286,1.410911040787592,0.6636928345178847,1
-0.09610368706937723,0.3357845196959925,0.0005070336745816546,-0.3564245652517027,0.4048960093460755,0
-0.2631594149002618,-0.39168320223725134,-0.9831382950104369,-0.2011222462356085,-0.6200414061397479,1
-0.14134794669024167,0.3019488116990976,0.9448065492121993,-1.3050182341431515,-4.3605834549810005,0
0.4329061177284238,0.7756487236556282,0.4333109782959893,2.2971630156302805,0.4662626769766251,0
-0.08914303174309017,0.0820167097192792,0.7087316703277947,0.46956877024680027,0.6657283303797782,0
-0.34320695115256056,-0.44243676423259426,-1.0618299213052387,-0.27249143779219165,0.8428597314135989,0
1.1324519780202533,1.0632522416292363,2.7547139539926326,-1.153714839347389,0.8797975228127574,0
0.19624383663467054,0.5387987676773629,2.243218383076423,-0.968408082302403,-0.8913300549839539,0
0.6347651221907427,0.7248951616602852,0.6300400440329935,-0.21693632059699977,0.7468372490663406,1
-0.37452990012085186,-0.3070939322450136,0.03985284682198178,0.8707659938651812,0.7474930771648205,0
1.3551929484614325,1.4354450295950822,0.3939651651485889,-1.222145137973906,-2.0741510121312943,1
-0.9731462581815216,-0.7300402822062024,-0.6290259766838302,-0.3108780362728171,0.9338904081516578,0
1.198578203619979,1.0632522416292363,0.5906942308855927,3.0816247078215304,0.5951387981560593,0
-0.7399643047509114,-0.8146295521984401,-1.1405215476000394,-0.2011222462356085,-0.2974538723722894,1
-0.3536479341419907,-0.44243676423259426,-1.0618299213052387,-0.25396363746856937,0.24794234946733965,1
1.8911634085855216,1.5877057155811098,0.6693858571803939,0.408701765086497,0.4213844747068367,0
-0.5485462832780235,-0.7131224282077555,-1.2979048001896434,1.8870981124532693,-2.2192459331063112,1
1.2751454122091337,1.232430781613712,0.3152735388537872,-0.2011222462356085,-1.1521177337898858,1
-1.0879970710652547,-0.9838080921829156,-0.19622203206242209,-0.18295321821559601,-1.134020764571943,0
1.1811765653042618,1.0970879496261312,-0.156876218915022,2.5243855344507744,0.6137590354985698,1
1.497886382650314,1.4016093215981873,0.6693858571803939,-0.21693632059699977,-2.2340182438794787,1
0.5755995519173052,0.809484431652523,0.6300400440329935,-1.3050182341431515,-0.7803831167690268,1
0.1301176110349459,0.21735954170685987,-0.8651008555682348,-1.0962525603924902,0.45113200977950285,1
0.2936930112026865,0.5557166216758097,0.11854447311678347,-0.18295321821559601,-0.19389051701258753,0
-1.2794150925381433,-1.3390830261503142,-0.7470634161260322,-0.2308079595666288,0.950813374183308,0
-0.8374134793189283,-0.899218822190678,0.35461935200118805,3.1668208395172197,0.918008049178188,1
-1.0009888794866688,-0.8653831141937831,0.03985284682198178,-0.2902126739132858,0.45113200977950285,0
-0.3014430191948392,-0.3578474942403565,-0.3929510977994256,-0.21693632059699977,-0.8200464968659178,0
-0.9557446198658044,-0.9668902381844683,-0.6290259766838302,-0.2011222462356085,0.557209989045303,0
1.4596027783557355,1.2155129276152639,0.8661149229173977,0.3212110549296739,0.46134287337703134,0
-0.31884465751055635,-0.4593546182310423,-0.7864092292734332,0.4428587714088944,0.7589657700454748,0
0.24844875158182203,0.3696202276928874,1.0628439886544014,0.479905312578494,-0.3323098631866243,1
0.09531433440351157,0.2681131037022016,0.9448065492121993,1.8725611153704778,0.996250901263067,1
-2.1877806126185786,-2.286482850063376,-0.7864092292734332,0.4604808073652693,0.6694271727897825,1
1.4317601570505882,1.4354450295950822,2.1251809436342213,-0.21693632059699977,-2.9783407213718434,1
-0.6459954578460394,-0.4255189102341474,0.6300400440329935,-0.23080795956663208,0.6778546917646932,0
-1.1924069009595577,-1.2037401941627335,0.0005070336745816546,-1.3050182341431515,0.2642060471858107,1
-1.9963625911456897,-2.0496328940851107,-0.3929510977994256,0.16382211966912041,0.0811088286468026,1
0.9340733012210776,0.9279094096416557,-0.3536052846520248,0.8952567050310076,0.6250187259958736,1
1.4944060549871698,1.3001021976075016,-0.7077176029786322,0.5190103682607329,0.6560251925621375,0
-0.3675692447945648,-0.13791539226053923,0.11854447311678347,-0.21693632059699977,-0.03660462389978793,0
0.9271126458947915,1.198595073616817,0.4726567914433901,-1.0051377807181168,0.6560251925621375,1
-1.028831500791816,-1.1191509241704958,-0.9437924818630358,0.5226880143878337,0.5157550927896654,0
0.4363864453915678,0.47112735168357317,3.1875178986140407,-1.222145137973906,0.3913934434025646,1
0.5233946369701536,0.48804520568202,-0.9831382950104369,0.014569556102364073,0.5005949430947285,1
0.6452061051801737,0.8602379936478659,0.7480774834751955,1.81327427673782,0.5763213241668614,0
-1.5230380289581833,-1.6436043981223698,-0.7864092292734332,0.9612447230233214,0.4315723120426223,0
1.4735240890083097,1.3846914675997393,-0.3929510977994256,-1.153714839347389,-0.8295302000224286,1
0.6034421732224524,0.8771558476463139,1.3382646806862069,1.5065346988844606,1.006635631774379,0
-0.5624675939305966,-0.23942251625122385,1.7710686253076142,2.2050640905022245,0.724488996942562,1
0.7113323307798984,0.6910594536633904,0.35461935200118805,-1.3050182341431515,-0.7803831167690255,1
-0.08914303174309017,-0.08716183026519633,-0.7077176029786322,-1.153714839347389,-0.6200414061397479,1
-1.122800347696689,-1.1699044861658388,-0.5109885372416284,-1.222145137973906,-0.19389051701258753,1
1.6336191615129072,1.4016093215981873,1.023498175507001,-0.23080795956663208,0.6778546917646932,1
-0.22487581060568446,-0.15483324625898606,-0.5896801635364294,-1.3050182341431515,-1.8249722807238644,0
0.08487335141408146,0.20044168770841184,0.15789028626418433,-1.3050182341431515,-0.3861094643865788,0
1.0210814927996634,0.9786629716369986,1.0628439886544014,1.4173271815840136,-0.6523621871740541,1
-1.9197953825565346,-2.151140018075796,-0.5896801635364294,0.8066504655381653,0.9094868262365687,1
-0.9801069135078085,-0.8653831141937831,-0.6290259766838302,-0.23080795956663208,-1.76463533117551,0
0.8575060926319228,0.7248951616602852,-0.7864092292734332,1.661569196130677,0.8568233420549172,1
0.7983405223584842,0.8602379936478659,0.19723609941158565,1.264864483175095,0.9008720917755391,1
-1.4743134416741752,-1.6097686901254744,-0.825755042420834,0.3625702909489951,0.8428597314135963,0
1.4735240890083097,1.3846914675997393,-0.3929510977994256,-1.153714839347389,0.557209989045303,1
0.4955520156650054,0.6910594536633904,-0.3536052846520248,0.8151021969924785,0.9941785561948235,1
1.2229404972619822,1.0632522416292363,0.8267691097699973,0.35345096839664775,-0.08143263294905385,0
0.8157421606742014,0.9786629716369986,-0.07818459262022004,-0.9075531665333767,-0.3987274264626692,0
-0.9835872411709516,-0.9499723841860208,0.0005070336745816546,-1.0473158965195832,-0.045322421742502554,1
-0.016056150817078473,-0.1717511002574341,-1.1011757344526396,0.9858143774951983,0.6977686670305586,0
1.4665634336820226,1.0970879496261312,0.27592772570638635,-0.27249143779219165,0.7073081589012755,1
-0.3223249851737004,-0.20558680825432896,0.11854447311678347,-0.18295321821559601,0.39139344340256194,1
0.00830614282492575,0.3019488116990976,-0.23556784520982293,-0.3015932671241543,-1.645431076066265,1
0.7356946244219026,0.8264022856509711,2.872751393434835,0.7389568559643348,0.16512125228169078,1
-0.19355286163739316,0.13277027171462208,1.180881428096604,1.7980905567248977,0.6623077726271787,0
1.818076527659509,1.6215414235780046,-0.2749136583572238,1.5711538151265678,0.8019103007937729,0
-1.0984380540546848,-1.0683973621751535,-0.5503343503890286,0.41625927123918355,0.950813374183308,0
0.7426552797481897,0.8771558476463139,2.990788832877038,-0.21693632059699977,0.7468372490663352,1
1.3517126207982895,1.232430781613712,0.3939651651485889,0.8098874605899211,0.5426898850026809,0
-0.8374134793189283,-1.034561654178258,-1.2192131738948415,-0.3315865709056832,1.0083912292132957,1
-1.5474003226001876,-1.5082615661347891,-0.156876218915022,-0.4854023967204664,-1.1521177337898858,1
0.9131913352422173,0.9279094096416557,1.692376999012813,-0.25396363746856937,0.3621769417618509,0
1.3551929484614325,1.4354450295950822,0.3939651651485889,-1.222145137973906,-1.843713338860345,1
0.025707781140642916,-0.08716183026519633,-0.5896801635364294,1.0811200661065783,0.5654080205011794,0
1.835478165975226,1.6553771315749006,1.023498175507001,-0.21693632059699977,0.25910061538704443,0
-0.7295233217614813,-0.8823009681922299,-0.904446668715636,-1.0962525603924902,0.45113200977950285,1
1.0419634587785245,1.0463343876307882,-0.31425947150462463,-1.222145137973906,-2.428997299275496,1
0.7983405223584842,0.8602379936478659,0.19723609941158565,0.3736370260066837,-0.2075784784920233,1
0.5233946369701536,0.48804520568202,-0.9831382950104369,-0.2308079595666288,-1.0775684288748657,1
-1.7771019483676536,-1.8635365001021875,-0.9437924818630358,-1.0962525603924902,-0.03660462389978793,1
-0.1552692573428158,-0.6454510122139646,-1.455288052779246,0.2501270265016802,0.8614585671822409,0
1.8006748893437918,1.6892128395717956,1.8891060647498168,0.2501270265016802,0.660563786325883,0
0.5477569306121569,0.809484431652523,-0.3929510977994256,-1.0051377807181168,0.49142685451145807,0
1.1637749269885447,0.9786629716369986,0.9448065492121993,-0.18295321821559601,0.7462397305467651,0
1.5918552295551858,1.4523628835935303,-0.47164272409422753,-0.24306370622869405,0.9094868262365687,1
-0.8269724963294972,-0.5946974502186217,-0.3536052846520248,-0.21693632059699977,0.45113200977950285,0
1.7867535786912185,1.52003429958732,0.27592772570638635,-1.0051377807181168,-3.791164411560198,0
-0.3640889171314218,-0.3240117862434616,-0.3536052846520248,1.174925252199108,0.5158020572758146,0
-1.0671151050863945,-0.9499723841860208,-0.23556784520982293,-0.18295321821559601,-0.9035830913009911,0
-0.026497133806508578,0.13277027171462208,-0.03883877947281919,-1.3050182341431515,0.2642060471858107,0
0.6312847945275997,0.8602379936478659,-0.904446668715636,-0.23080795956663208,0.4048960093460755,1
0.7043716754536113,0.8940737016447609,0.03985284682198178,-0.2011222462356085,-0.6200414061397479,0
0.666088071159034,0.48804520568202,-0.904446668715636,0.8968319950225953,0.08256354208964045,1
0.2310471132661049,0.5895523296727058,0.5120026045907909,0.29950671706730814,0.8015485393317672,0
1.0419634587785245,1.0801700956276843,1.2595730543914052,-0.16190712240901317,0.658479699568256,0
0.5025126709912925,0.5895523296727058,-0.4322969109468267,1.4495697105830119,0.9731014660175109,0
-1.4917150799898924,-1.6605222521208172,-0.7077176029786322,-0.8385502227689295,0.5066122800380405,0
0.5129536539807226,0.5049630596804681,-0.47164272409422753,-0.27249143779219165,0.4985750488164494,0
-0.23183646593197055,-0.2732582242481187,-0.7077176029786322,1.0696648853823876,0.9143724344775782,0
0.3250159601709778,0.14968812571306894,-0.8651008555682348,0.3625702909489984,-0.4995226549578281,0
0.878388058610783,0.45420949768512514,-1.533979679074047,0.3608657091900645,0.23796522083703364,1
-0.8791774112766486,-0.8484652601953351,0.35461935200118805,0.2878571463912044,0.39777982032129444,1
1.3691142591140066,1.198595073616817,2.439947448813427,0.9228484821581681,0.46134287337703406,1
-0.31188400218427026,-0.2563403702496719,-0.11753040576762112,0.5593319511414888,0.37557502224678285,1
0.9236323182316474,0.7756487236556282,-0.6683717898312314,-0.968408082302403,0.5158020572758174,0
-0.45805776403629367,-0.4931903262279371,-0.7077176029786322,-1.0473158965195832,0.6778546917646932,0
-3.054382200741293,-3.166211257982648,-0.4322969109468267,-1.222145137973906,0.3913934434025646,1
0.6904503648010382,0.7248951616602852,1.8104144384550152,-1.0051377807181168,-0.46708729496858875,0
-0.5694282492568837,-0.6116153042170698,-0.7470634161260322,0.9460625002152837,-0.7818844445988701,1
-0.7886888920349198,-0.7977116981999933,1.2202272412440047,-0.30023506379396886,0.5030700971809323,1
1.511807693302887,1.4016093215981873,0.6300400440329935,-1.153714839347389,0.557209989045303,1
1.3343109824825723,1.2155129276152639,1.5743395595706104,-1.153714839347389,0.025133661395166422,0
-1.004469207149813,-1.1360687781689438,-0.7470634161260322,-0.9075531665333767,0.7073081589012755,1
0.3215356325078347,0.09893456371772721,-0.7864092292734332,1.5967335572290187,0.7715026201816417,1
0.3737405474549862,0.5049630596804681,0.03985284682198178,-0.23080795956663208,-0.22258217041246575,0
0.5686388965910181,0.6233880376696006,1.4169563069810076,-1.3050182341431515,0.2642060471858107,1
0.2554094069081091,0.47112735168357317,-0.23556784520982293,-0.9361348369536662,-1.004896810812805,1
2.486299438983047,1.892227087553166,-0.3929510977994256,-0.24306370622869405,-0.46708729496858875,1
0.29021268353954344,0.31886666569754446,-0.2749136583572238,2.297878160047068,0.5650634496641502,1
0.0744323684246504,0.13277027171462208,0.03985284682198178,-0.8198310236731235,0.7817767449976719,0
0.9305929735579345,0.6233880376696006,-1.1798673607474404,1.0605914408169672,0.49402778092779337,0
0.2797717005501133,0.5218809136789149,1.4563021201284083,2.0546547336951004,0.6552068042106208,0
0.053550402445790186,-0.0025725602729585666,-0.4322969109468267,-1.3050182341431515,0.658479699568256,1
1.6266585061866201,1.24934863561216,1.0628439886544014,-0.2804263722988236,0.5632842059894958,0
-1.3072577138432908,-1.220658048161181,-0.19622203206242209,0.19123304739067354,0.9845419197541004,1
0.8018208500216273,0.8433201396494179,-0.07818459262022004,-0.968408082302403,-1.0055646472784665,0
-0.6947200451300469,-0.4931903262279371,-0.07818459262022004,-0.21693632059699977,0.45113200977950285,0
-1.3072577138432908,-1.220658048161181,-0.19622203206242209,0.19123304739066277,0.9066546977351173,1
1.612737195534047,1.875309233554718,3.7383592826776515,-1.222145137973906,-0.9035830913009911,1
1.61621752319719,1.3508557596028445,1.8104144384550152,-1.222145137973906,0.3913934434025646,0
0.5999618455593083,0.7587308696571813,0.7087316703277947,-0.16190712240901317,-0.7803831167690268,1
-0.06478073810108595,0.20044168770841184,0.4333109782959893,-1.3050182341431515,-2.2192459331063112,1
0.4990323433281494,0.35270237369443935,-0.8651008555682348,1.9150712350456829,0.5383658240892877,1
2.0930224130478403,1.5877057155811098,1.4956479332758097,-1.153714839347389,0.557209989045303,1
-0.80957085801378,-0.7977116981999933,0.23658191255898553,0.8275092961188902,-0.847264342300945,1
-0.6947200451300469,-0.527026034224832,-0.3536052846520248,-0.23080795956662467,0.5005949430947285,0
-0.5172233343097322,-0.3578474942403565,0.5120026045907909,-0.2011222462356085,-0.6200414061397479,1
-0.7121216834457641,-0.8315474061968882,-0.6290259766838302,0.9460625002152803,0.5682747559180977,0
1.61621752319719,1.4692807375919772,1.2595730543914052,-1.0473158965195832,0.6778546917646932,0
0.7844192117059101,0.9279094096416557,3.2662095249088425,0.6989349969880978,1.019396694808118,1
-0.07522172109051703,0.031263147723936305,0.19723609941158565,-0.32786259341671364,0.886556005179878,1
1.087207718399389,1.0294165336323415,1.8891060647498168,-0.27249143779219165,0.4985750488164494,1
1.4526421230294495,1.3001021976075016,2.04648931733942,0.8316958591898533,0.8753235048969213,0
1.0141208374733772,0.8602379936478659,1.4563021201284083,-0.23080795956663208,-0.045322421742502554,1
-0.6042315258883181,-0.6792867202108596,-0.5109885372416284,-1.0962525603924902,0.45113200977950285,0
1.3691142591140066,1.1309236576230262,-1.1011757344526396,-0.24306370622869405,0.23796522083703364,1
-0.47893973001515483,-0.5101081802263852,-0.7077176029786322,1.1248215327142366,0.6315751912033234,1
-1.2028478839489878,-1.2714116101565238,-0.4322969109468267,-1.0051377807181168,0.23796522083703092,0
-1.0357921561181032,-1.1191509241704958,-0.7864092292734332,-0.2011222462356085,-0.6200414061397479,0
0.5407962752858708,1.0463343876307882,0.07919865996938262,-1.0962525603924902,0.25910061538704443,1
-0.5485462832780235,-0.7131224282077555,-1.2979048001896434,-1.3050182341431515,0.2642060471858107,1
-0.13786761902709863,0.031263147723936305,0.07919865996938262,0.9186901126608,0.34772119516262084,1
0.5059929986544365,0.7587308696571813,-0.31425947150462463,1.412664135241274,-0.7803831167690268,1
-1.5856839268947653,-1.6266865441239224,-0.7077176029786322,-0.16190712240901317,0.6584796995682588,1
1.205538858946265,1.3339379056043965,0.4333109782959893,0.736867630214216,0.47896712661966934,0
-0.21095449995311033,0.16660597971151697,1.4563021201284083,0.3625702909489951,0.4985750488164494,0
0.6869700371378942,0.7248951616602852,-0.03883877947281919,-0.2011222462356085,-0.9426289399072023,1
-0.16919056799538892,-0.1209975382620912,-0.3536052846520248,-0.5261364567632456,-4.3605834549810005,0
-1.1576036243281234,-1.220658048161181,-0.6290259766838302,-0.16190712240901317,-0.7803831167690268,0
0.871427403284496,1.4185271755966342,4.446583919330865,-1.153714839347389,-1.7972928013247986,1
-0.8722167559503616,-1.051479508176706,-1.0224841081578377,-1.222145137973906,-0.9035830913009911,0
0.3180553048446907,0.47112735168357317,0.5120026045907909,1.9156800500782991,0.8229458226628841,1
-0.2944823638685531,-0.3070939322450136,-1.1798673607474404,-1.0962525603924902,-0.8200464968659205,1
1.000199526820803,0.9448272636401037,0.7874232966225965,-0.24306370622869405,-0.30248895691790934,0
-0.7991298750243498,-0.9838080921829156,-0.5896801635364294,-0.9361348369536662,0.9312104957606469,0
-0.391931538436569,-0.2563403702496719,-0.4322969109468267,0.47352482618526054,0.886556005179878,1
-1.655290480157634,-1.7958650841083974,-0.7470634161260322,-0.294211598133625,0.8614585671822396,0
-1.6935740844522114,-1.7620293761115025,-0.9831382950104369,-1.3050182341431515,-0.7803831167690268,1
0.666088071159034,0.8940737016447609,0.35461935200118805,-1.153714839347389,-0.2974538723722894,0
-0.01953647848022152,0.16660597971151697,1.928451877897217,0.4569364944598076,0.11123440399981803,1
-1.4534314756953146,-1.4913437121363418,-0.5109885372416284,0.7944656511369846,-0.9035830913009898,0
-0.5555069386043096,-0.5777795962201749,-0.9831382950104369,-0.2637165359335851,0.7871869499663054,1
0.7356946244219026,0.8771558476463139,1.8891060647498168,-0.27249143779219165,0.634126621328773,0
-0.5833495599094578,-0.8146295521984401,-0.9831382950104369,-0.7596424085517459,0.8250248807515,0
-1.2585331265592832,-1.3390830261503142,-0.6290259766838302,-1.222145137973906,-2.428997299275496,0
1.6579814551549115,1.2831843436090546,1.141535614949203,-0.16190712240901317,-0.7803831167690268,0
-0.13090696370081156,-0.019490414271405417,-0.47164272409422753,-0.18295321821559601,-0.9035830913009911,0
1.1220109950308232,1.1478415116214742,-0.3536052846520248,-0.2011222462356085,-0.6200414061397479,0
0.5233946369701536,1.0124986796338935,0.8661149229173977,0.6825137689072712,-2.526931351832745,0
-1.3733839394430163,-1.2544937561580765,0.15789028626418433,-1.222145137973906,-3.954411507250002,0
1.1672552546516877,1.24934863561216,0.4333109782959893,-0.2011222462356085,-2.3293691289749363,1
0.8087815053479144,0.8940737016447609,-0.31425947150462463,-1.153714839347389,-0.2974538723722894,1
-0.04737909978536879,0.031263147723936305,-0.904446668715636,1.7128475663023606,0.6130395511802884,1
1.7693519403755014,1.536952153585768,1.180881428096604,-1.0051377807181168,0.23796522083703364,0
0.2658503898975392,0.6572237456664956,0.9448065492121993,0.43309520356155323,0.7817767449976719,0
1.3691142591140066,1.1309236576230262,-1.1011757344526396,-0.24306370622869405,-0.8516163562876161,1
0.09531433440351157,0.2850309577006496,0.5120026045907909,0.2501270265016802,0.7757826229613601,1
1.6545011274917683,1.3001021976075016,-0.31425947150462463,-1.153714839347389,0.025133661395166422,1
-1.9441576761985382,-2.100386456080453,-0.8651008555682348,-1.222145137973906,-2.428997299275496,0
-0.23879712125825758,-0.1717511002574341,-0.8651008555682348,-1.3050182341431515,-0.7803831167690268,0
-1.5404396672739005,-1.7112758141161595,-1.1011757344526396,-1.222145137973906,-2.0741510121312943,1
0.4120241517495636,0.42037378968823025,-0.156876218915022,0.08039137505975828,0.886556005179878,1
-1.3072577138432908,-1.4913437121363418,-0.904446668715636,-0.25396363746856937,-1.3957539542218986,1
0.7844192117059101,0.809484431652523,0.11854447311678347,0.643374132284984,0.708997861207093,1
0.7948601946953412,0.8771558476463139,1.8497602516024159,-1.3050182341431515,0.2642060471858107,0
0.22408645793981877,0.6233880376696006,0.9841523623596001,0.9989900710392355,0.2616118889663238,1
0.2797717005501133,0.21735954170685987,-0.47164272409422753,-0.18295321821559601,0.3913934434025646,1
-0.13090696370081156,-0.03640826826985344,-0.9831382950104369,-1.0051377807181168,0.49142685451145807,0
1.3482322931351465,1.4861985915904252,-0.47164272409422753,0.7979974355234344,0.9145215587582043,1
1.7519503020597842,1.7230485475686905,1.4169563069810076,-0.324060957267089,0.9374284648341388,1
0.7878995393690541,0.8602379936478659,1.3382646806862069,1.0029262068042017,0.4662626769766251,1
-0.4232544874048593,-0.2901760782465667,-0.31425947150462463,-1.0962525603924902,0.25910061538704304,0
0.17188154299266728,0.2681131037022016,-0.7077176029786322,-1.0962525603924902,0.25910061538704443,0
0.878388058610783,0.45420949768512514,-1.533979679074047,-0.24306370622869072,0.2379652208370296,1
-0.49982169599401505,-0.7131224282077555,-0.8651008555682348,1.026664634320356,0.5158020572758174,0
-1.1645642796544105,-1.2037401941627335,-0.5109885372416284,0.8968993120127146,0.5310746558533226,0
0.3632995644655551,0.6572237456664956,-0.31425947150462463,0.3625702909489951,0.4985750488164494,0
0.777458556379624,0.6572237456664956,2.9120972065822364,-1.0962525603924902,-0.8200464968659178,1
-1.6309281865156298,-1.6605222521208172,-0.11753040576762112,-0.2308079595666288,-0.5912397865797364,1
-1.2376511605804221,-1.2544937561580765,-0.156876218915022,0.9976320196901884,0.4985750488164494,1
-0.8826577389397927,-0.9330545301875728,-0.8651008555682348,-1.0962525603924902,-0.03660462389978793,0
-0.9766265858446646,-1.1360687781689438,-0.8651008555682348,-1.3050182341431515,-0.7803831167690268,1
-0.19703318930053718,-0.13791539226053923,-0.3536052846520248,0.22716562003166907,0.40580154942310714,1
1.1115700120413932,1.0463343876307882,0.07919865996938262,0.5537895230378437,-0.9426289399072023,1
0.5059929986544365,0.809484431652523,0.4726567914433901,-0.2011222462356085,0.8797975228127574,1
-0.43717579805743345,0.031263147723936305,0.8661149229173977,-0.25396363746856937,-0.6153753403350304,0
-0.7399643047509114,-0.6285331582155178,-0.3536052846520248,-0.2011222462356085,-0.8295302000224299,1
0.3876618581075594,0.4034559356897822,0.3939651651485889,-1.0962525603924902,-0.03660462389979197,0
0.06399138543522029,0.2342773957053067,-0.03883877947281919,-1.0962525603924902,-0.8200464968659178,0
0.9479946118736516,1.0463343876307882,0.9841523623596001,-1.0962525603924902,-1.8991936091188812,0
-1.2480921435698522,-1.2714116101565238,-0.31425947150462463,-0.16190712240901317,0.658479699568256,0
-0.384970883110282,-0.20558680825432896,-0.47164272409422753,1.1749252521991047,0.5158020572758174,0
-0.5763889045831708,-0.7131224282077555,-0.5896801635364294,-0.9361348369536662,0.9312104957606496,0
-1.543919994937044,-1.6943579601177121,-1.1798673607474404,0.654288249140453,0.013075518974105109,0
0.23452744092924888,0.5218809136789149,1.0628439886544014,1.4538198125275754,0.787520773813561,0
0.666088071159034,0.8771558476463139,0.4726567914433901,1.345957520846378,0.981068715607048,0
1.7658716127123575,1.4692807375919772,-0.8651008555682348,0.5856999773863201,0.4048960093460755,1
-1.028831500791816,-1.0007259461813631,-0.7864092292734332,1.039669441035225,0.8473133773971598,1
-1.1402019860124062,-1.1022330701720484,-0.03883877947281919,-0.23080795956663208,0.6778546917646932,1
-1.2480921435698522,-1.2883294641549714,-0.7077176029786322,0.7308592484236032,0.6655940369656171,1
-1.8223462079885187,-1.8973722080990825,-0.2749136583572238,-1.3050182341431515,-1.8249722807238644,1
-0.40585284908914215,-0.0702439762667483,0.7087316703277947,-1.153714839347389,0.557209989045303,1
0.45030775604414097,0.5557166216758097,-0.2749136583572238,0.479905312578494,-0.8200464968659178,1
0.9758372331787989,0.9279094096416557,1.3776104938336078,-0.2637165359335851,0.5654080205011794,1
-0.37104957245770787,-0.34092964024190964,-0.4322969109468267,-0.2011222462356085,0.025133661395166422,1
-0.4650184193625807,-0.3578474942403565,-0.6683717898312314,-0.2308079595666288,-0.94575928391966,1
1.5883749018920428,1.4185271755966342,0.5906942308855927,-1.222145137973906,-0.5487368041567879,1
1.6545011274917683,1.3001021976075016,-0.31425947150462463,-1.153714839347389,-1.1521177337898858,1
0.13707826636123296,0.35270237369443935,0.5120026045907909,-0.21693632059699977,-0.8200464968659205,1
0.5651585689278741,0.5895523296727058,1.4169563069810076,0.5988682082074189,0.05414337287661122,1
-1.4186281990638807,-1.3390830261503142,0.5120026045907909,2.4028974528885847,0.7796901594146708,1
-1.5404396672739005,-1.6774401061192648,-1.1405215476000394,-1.0473158965195832,-0.045322421742502554,1
-0.11698565304823745,-0.22250466225277699,-0.904446668715636,0.046292427120032,0.781858781030415,0
1.518768348629174,1.24934863561216,0.5513484177381919,0.3212110549296739,0.2381264502033024,0
-1.7318576887467891,-1.7789472301099498,-0.5503343503890286,-0.25396363746856937,0.5158020572758174,1
-0.5276643172991623,-0.3578474942403565,0.0005070336745816546,-1.153714839347389,0.557209989045303,0
0.5895208625698782,0.5218809136789149,-0.7470634161260322,1.484517844960435,0.2792378658463504,1
1.4456814677031624,1.4354450295950822,-0.4322969109468267,-0.24306370622869405,0.9094868262365687,1
-0.5659479215937406,-0.5101081802263852,-0.7470634161260322,1.056131518465716,0.8997492479850339,0
-0.10654467005880734,0.20044168770841184,0.3152735388537872,1.444587843396698,-2.5087487658686363,0
-0.5659479215937406,-0.5101081802263852,-0.7864092292734332,1.5416961589939824,-0.3323098631866243,0
-1.3873052500955894,-1.4405901501409994,-0.5896801635364294,-0.8591905430839937,0.35768414068759274,0
-0.3049233468579832,-0.23942251625122385,-0.6290259766838302,-0.31771685857834553,0.8771965207548906,0
0.22060613027667478,0.4372916436866771,-0.03883877947281919,-0.9075531665333767,0.8428597314135963,1
-0.7399643047509114,-0.6962045742093075,-0.11753040576762112,0.40662895926220466,-0.03660462389978793,0
-1.0009888794866688,-1.1022330701720484,-0.5503343503890286,1.5244859093866614,0.7865006291632302,1
-0.3153643298474133,-0.1717511002574341,-0.11753040576762112,-1.3050182341431515,0.2642060471858107,0
1.2473027909039864,1.24934863561216,0.5120026045907909,-1.0962525603924902,0.45113200977950285,0
-1.4255888543901674,-1.4575080041394468,-0.3929510977994256,-1.153714839347389,-0.6200414061397479,1
-1.6378888418419169,-1.6943579601177121,0.0005070336745816546,0.7514703468761761,0.557209989045303,1
-1.495195407653036,-1.7958650841083974,-0.825755042420834,0.3625702909489951,0.6065129304061192,0
-0.25967908723711874,-0.2732582242481187,-0.5896801635364294,0.3212110549296739,0.9145215587581988,1
0.10575531739294168,0.25119524970375473,0.11854447311678347,-1.222145137973906,-3.723973833979053,0
0.21712580261353173,0.3019488116990976,-0.19622203206242209,-0.31560181561524475,0.7714563260784976,1
0.34589792614983794,0.14968812571306894,-0.7470634161260322,0.21936089608518666,0.7817767449976719,0
1.7171470254283498,1.3001021976075016,1.6136853727180114,-1.153714839347389,-0.2974538723722894,1
0.9584355948630817,1.0801700956276843,1.5349937464232106,2.2393538804491793,0.670530660971625,1
0.9305929735579345,1.0632522416292363,0.7480774834751955,-0.3249777285501227,0.24671738963491233,0
-0.1448282743533857,-0.40860105623569937,-1.1798673607474404,0.1946182313290328,-1.2060580465312833,1
1.6475404721654812,1.570787861582663,2.2825641962238246,-0.21693632059699977,-0.5243412575790815,1
0.4746700496861452,0.6064701836711527,0.7874232966225965,-0.009979480262086138,0.6004791309691863,1
0.9897585438313731,0.9448272636401037,-0.6683717898312314,0.4128511777096811,-0.19389051701258753,1
-1.2098085392752749,-1.4067544421441038,-0.9831382950104369,0.3122201894865214,0.24794234946733965,0
0.3319766154972648,0.4372916436866771,0.0005070336745816546,1.9516019500657125,0.8473133773971598,0
-0.284041380879122,-0.20558680825432896,-0.3929510977994256,-0.2011222462356085,-0.9426289399072023,0
0.8957896969265001,1.0463343876307882,-0.3929510977994256,2.6668499852837657,0.9431927778568023,0
0.9793175608419429,0.9786629716369986,0.07919865996938262,-1.222145137973906,-2.428997299275496,1
-1.1993675562858446,-1.3898365881456565,-1.0618299213052387,-0.2804263722988236,0.7865006291632302,0
-0.2666397425634049,-0.08716183026519633,-0.6683717898312314,-0.16190712240901317,-1.1746567691514735,0
0.6034421732224524,0.7587308696571813,1.3382646806862069,1.2541869519693363,0.8260790298818812,0
-0.14134794669024167,0.09893456371772721,-0.5503343503890286,-0.2011222462356085,0.557209989045303,0
-0.7399643047509114,-0.8146295521984401,-1.1405215476000394,-0.2011222462356085,-2.3293691289749363,1
0.48511103267557526,0.3019488116990976,-1.1798673607474404,-1.3050182341431515,-0.3861094643865788,1
-0.5485462832780235,-0.4931903262279371,-0.6683717898312314,-0.23080795956663208,0.6778546917646932,1
-0.8443741346452144,-1.1529866321673912,-0.9437924818630358,1.258552815843486,0.7817767449976719,0
-0.5450659556148795,-0.54394388822328,-0.5896801635364294,-1.0473158965195832,0.22763626067611503,1
-0.9731462581815216,-1.0007259461813631,-0.31425947150462463,0.7542773281191458,0.7993648096193579,0
1.1811765653042618,1.0970879496261312,-0.156876218915022,0.9415958510376101,0.8722768980677471,1
-1.0636347774232504,-1.3898365881456565,-1.0618299213052387,-0.2011222462356085,0.557209989045303,0
-0.5241839896360193,-0.6285331582155178,-1.0224841081578377,-0.8027766149868499,0.8019103007937729,1
0.3632995644655551,0.6233880376696006,1.928451877897217,0.8554761245172177,0.6657283303797782,1
0.4259454624021377,0.45420949768512514,-0.7470634161260322,-0.30023506379397297,0.5904483822773302,1
1.3377913101457153,1.2831843436090546,2.243218383076423,-0.21693632059699977,0.45113200977950285,1
-0.3954118660997121,-0.3747653482388045,-0.4322969109468267,0.8562387015427075,-2.428997299275496,0
-1.335100335148438,-1.3390830261503142,-0.904446668715636,-0.16190712240901317,0.658479699568256,0
1.3760749144402937,1.3677736136012926,3.69901346953025,-0.294211598133625,0.9766774038177154,0
1.811115872333222,1.570787861582663,1.692376999012813,0.7683675301304723,0.7655050451075629,1
-0.7538856154034854,-0.8484652601953351,-0.7470634161260322,1.984403742734625,0.5150674840915763,0
-0.04737909978536879,0.031263147723936305,-0.904446668715636,2.106714576358075,0.8892120320722596,1
-0.22139548294254044,-0.10407968426364318,0.35461935200118805,-1.222145137973906,-2.8307868609882116,0
0.032668436466929976,-0.15483324625898606,-0.825755042420834,-0.23080795956663208,0.6778546917646932,1
-1.6692117908102075,-1.6097686901254744,-0.31425947150462463,-0.2876349872169254,0.2674989362445569,1
-1.6726921184733508,-1.6943579601177121,-0.9437924818630358,0.8511127398853745,0.07067870944289675,0
0.5860405349067352,0.5726344756742577,-0.2749136583572238,-1.3050182341431515,-2.4752877922962555,1
-0.7260429940983382,-0.54394388822328,-0.03883877947281919,-1.222145137973906,-0.5487368041567879,0
-0.5555069386043096,-0.8146295521984401,-1.3372506133370432,-0.2876349872169254,0.8771965207548906,0
-1.4151478714007373,-1.5759329821285795,-0.7864092292734332,0.37513753287153256,0.00560565317302599,0
-0.20399384462682327,-0.15483324625898606,-0.5109885372416284,-0.16190712240901317,0.658479699568256,0
0.7983405223584842,0.7925665776540762,-0.47164272409422753,-0.18295321821559601,0.3913934434025646,1
1.4596027783557355,1.3846914675997393,-0.19622203206242209,1.0633265020450025,-0.7684995352496996,1
-0.9487839645395173,-1.1022330701720484,-0.825755042420834,1.4633076997949621,0.8035232994906735,0
