{
  "processing_stats": {
    "total_records": 6877,
    "successful": 6871,
    "failed": 6,
    "success_rate_pct": 99.91
  },
  "interval_statistics": {
    "QT_interval_ms": {
      "mean": 352.45,
      "std": 60.19,
      "median": 358.0
    },
    "RR_interval_ms": {
      "mean": 777.94,
      "std": 175.92,
      "median": 778.0
    },
    "heart_rate_bpm": {
      "mean": 81.63,
      "std": 21.24,
      "median": 77.12
    },
    "QTc_Bazett_ms": {
      "mean": 401.24,
      "std": 53.14,
      "median": 405.64
    },
    "QTc_Fridericia_ms": {
      "mean": 383.73,
      "std": 52.59,
      "median": 389.1
    }
  },
  "timestamp": "2026-01-04T13:34:58.967381",
  "parameters": {
    "dataset": "cpsc-2018",
    "sampling_rate": 500,
    "lead_index": 0
  }
}