{
  "task": "SR Classification: NORM vs CD",
  "timestamp": "2026-01-04T09:52:24.997599",
  "dataset": {
    "n_samples": 4017,
    "n_train": 2248,
    "n_test": 562,
    "n_features": 47,
    "features": [
      "age",
      "sex",
      "quality_score",
      "snr_db",
      "heart_rate_bpm",
      "heart_rate_std",
      "n_beats",
      "rr_mean_ms",
      "rr_std_ms",
      "rmssd",
      "wav_wavelet_energy_approx",
      "wav_wavelet_energy_d1",
      "wav_wavelet_energy_d2",
      "wav_wavelet_energy_d3",
      "wav_wavelet_energy_d4",
      "wav_wavelet_energy_d5",
      "wav_wavelet_energy_d6",
      "wav_wavelet_total_energy",
      "wav_wavelet_energy_entropy",
      "wav_wavelet_energy_concentration"
    ]
  },
  "baseline": {
    "threshold": 0.5,
    "auc": 0.9012423854814403,
    "accuracy": 0.8238434163701067,
    "sensitivity": 0.800711743772242,
    "specificity": 0.8469750889679716,
    "precision": 0.8395522388059702,
    "f1": 0.819672131147541,
    "tp": 225,
    "tn": 238,
    "fp": 43,
    "fn": 56
  },
  "best_equation": {
    "formula": "((n_beats + age) * 0.19126394) + 0.49999985",
    "complexity": 7,
    "threshold": 0.5338154766578173,
    "auc": 0.8220513924595687,
    "accuracy": 0.7544483985765125,
    "sensitivity": 0.708185053380783,
    "specificity": 0.800711743772242,
    "f1": 0.7425373134328358
  },
  "config": {
    "niterations": 150,
    "populations": 40,
    "population_size": 50,
    "maxsize": 20,
    "parsimony": 0.005,
    "binary_operators": [
      "+",
      "-",
      "*",
      "/"
    ],
    "unary_operators": [
      "square",
      "sqrt",
      "abs",
      "log"
    ],
    "test_size": 0.2,
    "cv_folds": 5,
    "random_state": 42
  },
  "output_files": [
    "results\\georgia\\sr_classification\\sr_classification_cd_equations.csv"
  ]
}