{
  "task": "SR Classification: NORM vs STTC",
  "timestamp": "2026-01-04T09:57:29.176957",
  "dataset": {
    "n_samples": 6400,
    "n_train": 3812,
    "n_test": 953,
    "n_features": 47,
    "features": [
      "age",
      "sex",
      "quality_score",
      "snr_db",
      "heart_rate_bpm",
      "heart_rate_std",
      "n_beats",
      "rr_mean_ms",
      "rr_std_ms",
      "rmssd",
      "wav_wavelet_energy_approx",
      "wav_wavelet_energy_d1",
      "wav_wavelet_energy_d2",
      "wav_wavelet_energy_d3",
      "wav_wavelet_energy_d4",
      "wav_wavelet_energy_d5",
      "wav_wavelet_energy_d6",
      "wav_wavelet_total_energy",
      "wav_wavelet_energy_entropy",
      "wav_wavelet_energy_concentration"
    ]
  },
  "baseline": {
    "threshold": 0.5,
    "auc": 0.8310056151097498,
    "accuracy": 0.7712486883525709,
    "sensitivity": 0.8591117917304747,
    "specificity": 0.58,
    "precision": 0.8165938864628821,
    "f1": 0.8373134328358209,
    "tp": 561,
    "tn": 174,
    "fp": 126,
    "fn": 92
  },
  "best_equation": {
    "formula": "((n_beats + age) * 0.113457985) + 0.684681",
    "complexity": 7,
    "threshold": 0.7087760902311768,
    "auc": 0.7349412965798877,
    "accuracy": 0.614900314795383,
    "sensitivity": 0.5068912710566615,
    "specificity": 0.85,
    "f1": 0.6433430515063168
  },
  "config": {
    "niterations": 150,
    "populations": 40,
    "population_size": 50,
    "maxsize": 20,
    "parsimony": 0.005,
    "binary_operators": [
      "+",
      "-",
      "*",
      "/"
    ],
    "unary_operators": [
      "square",
      "sqrt",
      "abs",
      "log"
    ],
    "test_size": 0.2,
    "cv_folds": 5,
    "random_state": 42
  },
  "output_files": [
    "results\\georgia\\sr_classification\\sr_classification_sttc_equations.csv"
  ]
}