{
  "task": "SR Classification: NORM vs OTHER",
  "timestamp": "2026-01-04T09:46:14.011384",
  "dataset": {
    "n_samples": 4116,
    "n_train": 2960,
    "n_test": 740,
    "n_features": 47,
    "features": [
      "age",
      "sex",
      "quality_score",
      "snr_db",
      "heart_rate_bpm",
      "heart_rate_std",
      "n_beats",
      "rr_mean_ms",
      "rr_std_ms",
      "rmssd",
      "wav_wavelet_energy_approx",
      "wav_wavelet_energy_d1",
      "wav_wavelet_energy_d2",
      "wav_wavelet_energy_d3",
      "wav_wavelet_energy_d4",
      "wav_wavelet_energy_d5",
      "wav_wavelet_energy_d6",
      "wav_wavelet_total_energy",
      "wav_wavelet_energy_entropy",
      "wav_wavelet_energy_concentration"
    ]
  },
  "baseline": {
    "threshold": 0.5,
    "auc": 0.8438935651959423,
    "accuracy": 0.8283783783783784,
    "sensitivity": 0.9261862917398945,
    "specificity": 0.5029239766081871,
    "precision": 0.8611111111111112,
    "f1": 0.8924640135478408,
    "tp": 527,
    "tn": 86,
    "fp": 85,
    "fn": 42
  },
  "best_equation": {
    "formula": "0.76824343 + ((comp_sig_hjorth_complexity + age) / 8.872761)",
    "complexity": 7,
    "threshold": 0.6710495080607111,
    "auc": 0.7833071254586379,
    "accuracy": 0.7594594594594595,
    "sensitivity": 0.7838312829525483,
    "specificity": 0.6783625730994152,
    "f1": 0.8336448598130841
  },
  "config": {
    "niterations": 150,
    "populations": 40,
    "population_size": 50,
    "maxsize": 20,
    "parsimony": 0.005,
    "binary_operators": [
      "+",
      "-",
      "*",
      "/"
    ],
    "unary_operators": [
      "square",
      "sqrt",
      "abs",
      "log"
    ],
    "test_size": 0.2,
    "cv_folds": 5,
    "random_state": 42
  },
  "output_files": [
    "results\\cpsc-2018\\sr_classification\\sr_classification_other_equations.csv"
  ]
}