{
  "timestamp": "2026-01-04T19:24:37.026964",
  "input_file": "results\\ptb-xl\\waves\\wave_features.csv",
  "output_dir": "results\\ptb-xl\\qtc",
  "filter_statistics": {
    "initial": 21788,
    "after_qt_valid": 21585,
    "after_qt_range": 21574,
    "after_rr_range": 21495,
    "after_hr_range": 21495,
    "after_quality": 21467,
    "after_t_detection": 21036,
    "final": 21036,
    "retention_rate": 96.55
  },
  "dataset_sizes": {
    "filtered": 21036,
    "norm": 21036,
    "sr_all": 21036,
    "sr_norm": 21036
  },
  "qtc_hr_correlations": {
    "QTc_Bazett_ms": 0.0715,
    "QTc_Fridericia_ms": -0.1475,
    "QTc_reference_ms": -0.002
  }
}